Catalog#,Artist,Title,Label,Format,Rating,Released,release_id,CollectionFolder,Date Added,Collection Media Condition,Collection Sleeve Condition,Collection Notes
B0025510-01,Temple Of The Dog,Temple Of The Dog,A&M Records,"LP + LP, S/Sided, Etch + Album, RE, RM, 180",,2016,9330862,Uncategorized,2024-06-13 10:52:23,,,
B0020414-02,Soundgarden,Superunknown,"A&M Records, UMe","CD, Album, RE + CD, Comp + Dlx, RM",,2014,8697057,Uncategorized,2023-12-07 15:30:35,,,
19075865581,System Of A Down,System Of A Down,American Recordings,"LP, Album, RE",,2018,12641821,Uncategorized,2024-06-12 15:47:19,,,
19075865591,System Of A Down,Toxicity,American Recordings,"LP, Album, RE",,2018,12641837,Uncategorized,2024-06-06 19:46:10,,,
19075865611,System Of A Down,Mezmerize,"American Recordings, Columbia","LP, Album, RE",5,2018,12641941,Mejores,2024-02-23 16:42:56,Mint (M),Mint (M),"Por muy poco perfecto, casi sin ruido "
8122796561,Dream Theater,Octavarium,Atlantic,"2xLP, Album, RE",5,2013,7865092,Perfecci√≥n,2024-02-08 14:56:59,Mint (M),Mint (M),Incre√≠ble 
"A TUK 003CD, 5050467-5295-2-6",Muse,Butterflies & Hurricanes,"Atlantic, Atlantic","CD, Single",,2004,379413,Uncategorized,2023-12-07 15:25:34,,,
"RR1 82418, 603497845651",Stone Temple Pilots,Core,"Atlantic, Atlantic","LP, Album, RE, RM, 180",,2020,18623119,Perfecci√≥n,2024-10-04 16:42:38,Mint (M),Mint (M),Ufff
"BSM167v, HOB038",Caspian (3),Dust And Disquiet,"Big Scary Monsters, Hobbledehoy","LP + LP, S/Sided + Album, Ltd, Whi",5,2015,7547195,Normales,2024-06-07 13:05:13,Mint (M),Mint (M),
825646278541,Royal Blood (6),Royal Blood,"Black Mammoth Records, Warner Bros. Records","LP, Album",5,2014,11164074,Perfecci√≥n,2024-03-05 17:51:05,Mint (M),Mint (M),Sublime 
00602547885241,Metallica,Ride The Lightning,Blackened,"LP, Album, RE, RM",5,2016,8617629,Perfecci√≥n,2024-02-26 14:56:47,Mint (M),Mint (M),Incredible 
BLCKND007R-1,Metallica,...And Justice For All,Blackened Recordings,"2xLP, Album, RE, RM, 180",5,2018,12744714,Perfecci√≥n,2024-03-04 14:51:55,Mint (M),Mint (M),Perfecci√≥n 
"BLCKND005R-1, 00602557382594",Metallica,Master Of Puppets,"Blackened, Blackened","LP, Album, RE, RM, 180",5,2017,11129661,Perfecci√≥n,2024-03-05 17:55:37,Mint (M),Mint (M),"Perfecto, nada que decir "
BMGRM054LP,Black Sabbath,Paranoid,"BMG, Vertigo, Sanctuary","LP, Album, RE, Gat",5,2015,10509769,Mejores,2024-03-04 14:49:11,Mint (M),Mint (M),"Pr√°cticamente sin ruido, casi perfecto "
"EST 2132, 79 1935 1",Megadeth,Rust In Peace,"Capitol Records, Capitol Records, Combat, Combat","LP, Album, RE",5,2023,26987199,Perfecci√≥n,2024-02-26 14:50:42,Mint (M),Mint (M),"Solo uno o dos clicks, el resto perfecto "
19439789101,Tesseract,Altered State,Century Media,"2xLP, Album, 180 + CD, Album + 2xLP, Album, 180 + ",5,2020,16213321,Perfecci√≥n,2023-12-23 12:14:26,Mint (M),Mint (M),"Revisado: sonido perfecto, sin ruidos ü§©"
9980431,TesseracT,One,Century Media,"LP, Album + LP, Album + Ltd, Num",5,2011,3237508,Perfecci√≥n,2024-05-24 09:58:49,Mint (M),Mint (M),#476
9984811,TesseracT,One,Century Media,"LP, Album + CD, Album + RE",,2015,7382185,Mejores,2024-03-25 14:49:27,Mint (M),Mint (M),Casi sin ruido e incre√≠ble calidad 
9985181,Tesseract,Odyssey / Scala,Century Media,"2xLP, Album, Whi + DVD-V",,2015,7052776,Uncategorized,2024-07-06 11:29:37,,,
00602567489849,Genesis,Nursery Cryme,"Charisma, UMC","LP, Album, RE, RM,  Ha",5,2018,12333312,Perfecci√≥n,2024-02-23 16:42:02,Mint (M),Mint (M),Incre√≠ble sonido 
00602567490456,Genesis,Selling England By The Pound,"Charisma, UMC","LP, Album, RE, RM, RP, 180",5,2018,12345619,Perfecci√≥n,2024-03-04 14:47:57,Mint (M),Mint (M),"Sublime, de lo mejor que tengo "
88883790851,Los Tres (2),Se Remata El Siglo,Columbia,"LP, Album, RP",5,2013,5326033,Mejores,2024-03-04 14:52:22,Mint (M),Mint (M),Un poco de ruido en la canci√≥n final pero todo lo dem√°s excelente 
5107651,AC/DC,Back in Black,"Columbia, Albert Productions","LP, Album, RE, RM, 180",,2003,11191429,Perfecci√≥n,2024-06-12 14:25:52,Mint (M),Mint (M),
"C2T 67065, CT 67212, CT 67213",Pink Floyd,Pulse,"Columbia, Columbia, Columbia","2xCass, Album, 2/3",,1995,5413549,Uncategorized,2023-12-07 15:16:58,,,
"COL 475928 5, 475928 5, 4759285000",Jeff Buckley,Grace,"Columbia, Columbia, Columbia","CD, Album, RP",,0,16033212,Uncategorized,2023-12-07 15:29:57,,,
88697779831,Jeff Buckley,Grace,"Columbia, Legacy","LP, Album, RE, 180",5,2010,2825029,Perfecci√≥n,2024-02-26 14:52:58,Mint (M),Mint (M),Incredible 
19658773731,Daft Punk,Random Access Memories (10th Anniversary Edition),"Columbia, Legacy, Sony Music","3xLP, Album, RE, 180",5,2023,27031743,Perfecci√≥n,2024-02-23 12:22:14,Mint (M),Mint (M),
88985390921,Judas Priest,Painkiller,"Columbia, Legacy, Sony Music","LP, Album, RE, 180",,2017,26549276,Perfecci√≥n,2024-04-08 18:43:40,Mint (M),Mint (M),
19658800371,Alice In Chains,Jar Of Flies,"Columbia, Legacy, Velvet Hammer","LP, EP, RE, RM",,2024,30106898,Perfecci√≥n,2024-04-20 18:38:28,Mint (M),Mint (M),
"19439986771, 19439953541",Alice In Chains,Dirt,"Columbia, Legacy, Velvet Hammer, Sony Music, Columbia","2xLP, Album, Ltd, RE, RM, Yel",5,2022,24564872,Perfecci√≥n,2024-02-02 09:38:40,Mint (M),Mint (M),"Revisado: incre√≠ble sonido, gran calidad "
88985464971,David Gilmour,Live At Pompeii,"Columbia, Sony Music","4xLP, Album, 180 + Box",5,2017,10920062,Perfecci√≥n,2024-02-02 09:34:36,Mint (M),Mint (M),Revisado : perfecci√≥n 
DGB 016,Silversun Pickups,Carnavas,Dangerbird Records,"2xLP, Album, RP",5,0,8384961,Perfecci√≥n,2024-02-16 05:22:42,Mint (M),Mint (M),
588 2352,Max Richter,In A Landscape,Decca,"2x12"", Album",,2024,31675367,Mejores,2024-10-10 13:04:17,Mint (M),Mint (M),
4818137,Ludovico Einaudi,Seven Days Walking Day One,DECCA 90,"LP, Album",,2019,13777245,Mejores,2024-03-21 16:03:49,Mint (M),Mint (M),"Muy poco ruido en lado A, el lado B suena incre√≠ble"
483 5259,Max Richter,The Blue Notebooks,"Deutsche Grammophon, StudioRichter","2xLP, Album, Comp, RE, 180",,0,17841076,Mejores,2024-04-22 16:23:01,Mint (M),Mint (M),
WIGLP136,Franz Ferdinand,Franz Ferdinand,Domino,"LP, Album, RP",,0,2506916,Uncategorized,2024-10-02 12:15:15,,,
WIGLP205,Franz Ferdinand,Tonight: Franz Ferdinand,Domino,"2xLP, Album, RE, RP, 140",,2021,19765522,Perfecci√≥n,2024-11-27 07:57:48,Mint (M),Mint (M),
"EW278CD, 5050466 9738 2 5, 5050466-9738-2-5",Muse,Hysteria,"EastWest, EastWest, EastWest, Taste Media Limited, Taste Media Limited","CD, Single",,2003,7936025,Uncategorized,2023-12-07 15:23:46,,,
5050466-8587-2-6,Muse,Absolution,"EastWest, Taste Media Limited","CD, Album",,2003,7781939,Uncategorized,2023-12-07 15:32:32,,,
"6711045, 5056167110453",Placebo,Sleeping With Ghosts,"Elevator Lady Ltd, Elevator Lady Ltd","LP, Album, RE, RP, Gat",,2019,13691819,Perfecci√≥n,2024-04-08 18:48:06,Mint (M),Mint (M),
88985455331,Audioslave,Audioslave,Epic,"2xLP, Album, RE",5,2017,10722169,Mejores,2024-02-26 14:57:17,Mint (M),Mint (M),"Excellent, lado A con muy poco ruido "
EK 86968,Audioslave,Audioslave,"Epic, Interscope Records","CD, Album",,2002,9930855,Uncategorized,2023-12-07 15:33:09,,,
88697413021,Pearl Jam,Ten,"Epic, Legacy","2xLP, Album, RM, Gat",5,2009,4321610,Perfecci√≥n,2024-01-30 17:22:14,Mint (M),Mint (M),"Revisado: suena incre√≠ble, perfect "
88875-143731,Michael Jackson,Thriller,"Epic, MJJ Productions","LP, Album, RE, Gat",,2016,8505310,Perfecci√≥n,2024-10-02 12:13:33,Mint (M),,
"fatcd22, 946.0122.020",Sigur R√≥s,( ),"FatCat Records, [PIAS] Recordings","CD, Album, RE, Dig",,2009,2778042,Uncategorized,2023-12-07 15:33:49,,,
"335345, MUSH105DVDX",Muse,Hullabaloo (Live At Le Zenith Paris),"Festival Mushroom Records, Mushroom, Taste Media Limited",2xDVD-V,,0,4283755,Uncategorized,2023-12-07 14:56:22,,,
0720642472712,Nirvana,MTV Unplugged In New York,Geffen Records,"LP, Album, RE, RM, RP, 180",,2017,11400290,Perfecci√≥n,2024-03-05 20:08:00,Mint (M),Mint (M),Impresionante calidad 
3846123,Nirvana,Nevermind,"Geffen Records, UMe, DGC","LP, Album, RE, RM, 180 + 7"" + Ltd, 30t",,2021,29186041,Perfecci√≥n,2024-04-09 12:16:20,Mint (M),Mint (M),
50-51442-1301-2-6,Muse,Invincible,"Helium 3, Warner Bros. Records","CD, Single",,2007,3596668,Uncategorized,2023-12-07 15:23:31,,,
"HEL3007, 25646 9682 4",Muse,HAARP,"Helium 3, Warner Bros. Records","CD, Album + DVD-V, NTSC + S/Edition, Box",,2008,1288183,Uncategorized,2023-12-07 15:20:00,,,
825646394203,Muse,Live At Rome Olympic Stadium,"Helium 3, Warner Bros. Records, Serpent Productions","CD, Album + Blu-ray",,2013,5146467,Uncategorized,2023-12-07 14:40:28,,,
0190296237584,Muse,Will Of The People,"Helium 3, Warner Records","Cass, Album, Blu",,2022,24309101,Uncategorized,2023-12-07 14:21:41,,,
0190296237591,Muse,Will Of The People,"Helium 3, Warner Records","Cass, Album, Yel",,2022,24309068,Uncategorized,2023-12-07 14:21:10,,Mint (M),
0190296383724,Muse,Will Of The People,"Helium 3, Warner Records","Cass, Album, Red",,2022,24309008,Uncategorized,2023-12-07 14:21:57,,,
0190296383731,Muse,Will Of The People,"Helium 3, Warner Records","CD, Album",,2022,24246260,Uncategorized,2023-12-07 15:27:19,,,
0190296383762,Muse,Will Of The People,"Helium 3, Warner Records","LP, Album, Red",5,2022,24308615,Perfecci√≥n,2023-12-07 14:29:01,Mint (M),Mint (M),Suena incre√≠ble 
88765441701,Mad Season,Above,"Hockeytalkter Records, Columbia, Legacy, Monkeywrench Records","2xLP, Album, RE, RM",,2013,4628433,Uncategorized,2024-06-09 22:10:15,,,
88725473392,Mad Season,Above,"Hockeytalkter Records, Columbia, Legacy, Sony Music, Monkeywrench Records","CD, Album, RE, RM + CD, Album, RM + DVD-V, NTSC + ",,2013,4428940,Uncategorized,2023-12-07 15:18:56,,,
HR719-1,Avenged Sevenfold,Nightmare,Hopeless Records,"2xLP, Album, RE, Pur",5,2023,29343103,Perfecci√≥n,2024-02-15 13:59:40,Mint (M),Mint (M),Inesperadamente brutal 
"IOMLP 467, 88985374281",Leprous,Live At Rockefeller Music Hall,"Inside Out Music, Inside Out Music","3xLP, Album + 2xCD, Album",5,2016,9409038,Perfecci√≥n,2024-02-19 15:51:44,Mint (M),Mint (M),"Pero wtf, a la altura de box sets de Pink Floyd, signed by Einar"
"IOMLP 379, 19439750911",Leprous,Coal,"Inside Out Music, Sony Music","2xLP, Album + CD, Album + RE",,2020,15575544,Uncategorized,2024-07-06 11:30:51,,,
"IOMLP 420, 19439750901",Leprous,The Congregation,"Inside Out Music, Sony Music","2xLP, Album, 180 + CD, Album + RE",5,2020,15575587,Perfecci√≥n,2023-12-20 08:19:18,Mint (M),Mint (M),"Sonido pr√°cticamente perfecto, incre√≠ble "
"IOMLP 485, 88985450481",Leprous,Malina,"Inside Out Music, Sony Music","2xLP, Album + CD, Album",,2017,10747512,Mejores,2024-05-18 13:38:59,Mint (M),Mint (M),
"IOMLP 538, 19075976531",Leprous,Pitfalls,"Inside Out Music, Sony Music","LP, Cle + LP, S/Sided, Etch, Cle + Album + CD, Alb",,2019,14307537,Uncategorized,2024-06-15 10:18:28,,,
"IOMLP 598, 19439903191",Leprous,Aphelion,"Inside Out Music, Sony Music","2xLP, Album, 180 + CD, Album",5,2021,20027275,Perfecci√≥n,2023-12-20 08:20:06,Mint (M),Mint (M),Pr√°cticamente perfecto 
B0030916-01,Queens Of The Stone Age,Songs For The Deaf,"Interscope Records, UMe","2xLP, Album, RE, Gat",5,2019,14426180,Perfecci√≥n,2024-03-04 15:03:21,Mint (M),Mint (M),"Una maravilla, la cag√≥"
KAR046LP2C,Airbag (5),Identity,Karisma Records,"2xLP, Album, Dlx, Ltd, RE, RM, 180",5,2021,19860232,Mejores,2024-05-27 16:18:28,Mint (M),Mint (M),
KAR066LP2,Airbag (5),All Rights Removed,Karisma Records,"2xLP, Album, RE, RM, Sol",5,2020,16402119,Perfecci√≥n,2024-02-16 05:25:41,Mint (M),Mint (M),
KARO76LP2,Airbag (5),The Greatest Show On Earth,Karisma Records,"2xLP, RM, Sol",5,2021,21408448,Normales,2024-02-19 15:56:12,Mint (M),Mint (M),"Casi perfecto, la cara A guatea un poco "
krunk10lp,Sigur R√≥s,( ),Kr√∫nk,"2xLP, Album, Ltd, RE",5,2020,16005608,Mejores,2024-03-01 12:16:23,Mint (M),Mint (M),"Incre√≠ble calidad, muy poco ruido para lo silencioso que es "
1132,The Pineapple Thief,Variations On A Dream,Kscope,"LP, RE",5,2023,28381609,Mejores,2024-02-26 14:58:55,Mint (M),Mint (M),Gran calidad 
KSCOPE1010,The Pineapple Thief,Your Wilderness,Kscope,"LP, Album, RE, 180",5,2019,13124883,Perfecci√≥n,2024-02-19 15:53:24,Mint (M),Mint (M),Omg godscope 
KSCOPE1028,The Pineapple Thief,Someone Here Is Missing,Kscope,"LP, Album, RM, RP",5,2019,13312163,Perfecci√≥n,2024-02-18 08:48:25,Mint (M),Mint (M),Simplemente kscope
KSCOPE1105,Marillion,Marbles,Kscope,"3xLP, Album, RE",,2021,18515878,Perfecci√≥n,2024-03-22 09:30:07,Mint (M),Mint (M),
KSCOPE1114,Daniel Tompkins,Ruins,Kscope,"LP, Album",,2021,19152025,Normales,2024-05-06 16:48:59,Mint (M),Mint (M),
KSCOPE1115,Tesseract,Portals,Kscope,"3xLP, Album",5,2021,20055328,Normales,2023-12-08 07:48:27,Mint (M),Mint (M),LP anda ah√≠ no m√°s 
KSCOPE1130,The Pineapple Thief,Magnolia,Kscope,"LP, Album, RE",5,2023,28281256,Perfecci√≥n,2024-02-19 16:27:58,Mint (M),Mint (M),Como no me di cuenta de esta joya antes wtf 
KSCOPE1136,The Pineapple Thief,Nothing But The Truth,Kscope,"2xLP, Album",5,2021,20766034,Mejores,2023-12-13 08:57:51,Mint (M),Mint (M),"Casi perfecto, √∫ltima canci√≥n con algo de ruido pero almost perfect "
KSCOPE1151,Tesseract,Polaris,Kscope,"LP, Album, RE",,2022,24476429,Mejores,2024-03-19 14:44:07,Mint (M),Mint (M),
KSCOPE1172,The Pineapple Thief,Give It Back,Kscope,"LP, Album",5,2022,23246435,Perfecci√≥n,2024-02-18 07:51:57,Mint (M),Mint (M),Simplemente kscope
KSCOPE1199,Tesseract,War of Being,Kscope,"2xLP, Album",5,2023,28274416,Perfecci√≥n,2024-02-29 14:46:19,Mint (M),Mint (M),"Incre√≠ble, muy pocos clicks y no afectan la experiencia "
KSCOPE1218,The Pineapple Thief,It Leads To This,Kscope,"LP, Album, Ltd",5,2024,29814007,Perfecci√≥n,2024-02-15 15:45:04,Mint (M),Mint (M),"Perfecci√≥n, sonido incre√≠blemente limpio "
KSCOPE1230,The Pineapple Thief,Last To Run,Kscope,"12"", EP, Gre",,2024,32233524,Perfecci√≥n,2024-11-27 07:59:28,Mint (M),Mint (M),
KSCOPE833,The Pineapple Thief,All The Wars,Kscope,"2xLP, Album",5,2012,3855523,Mejores,2024-02-17 16:09:55,Mint (M),Mint (M),
Kscope870,The Pineapple Thief,Little Man,Kscope,"2xLP, Album, RM",5,2015,6534408,Perfecci√≥n,2024-02-19 15:52:55,Mint (M),Mint (M),"Inesperadamente bueno, es que wtf el √∫ltimo tema, no importa nada a perfecci√≥n "
KSCOPE934,TesseracT,Errai,Kscope,"12"", EP, Cle",,2016,9057628,Mejores,2024-04-02 15:19:52,Mint (M),Mint (M),
KSCOPE946,Tesseract,Sonder,Kscope,"LP, Album, 180",5,2018,11890836,Perfecci√≥n,2024-02-19 15:55:31,Mint (M),Mint (M),Incre√≠ble 
KSCOPE978,The Pineapple Thief,Abducted At Birth,Kscope,"2xLP, Album, RE, RM",,2018,12005708,Perfecci√≥n,2024-02-18 15:19:57,Mint (M),Mint (M),Kscope pls 
KSCOPE988,The Pineapple Thief,Dissolution,Kscope,"LP, Album, 180",5,2018,12460929,Perfecci√≥n,2024-02-18 09:52:53,Mint (M),Mint (M),Simplemente kscope
KSCOPE993,The Pineapple Thief,Tightly Unwound,Kscope,"2xLP, Album, RE, RM",5,2019,13074466,Perfecci√≥n,2024-02-18 06:50:45,Mint (M),Mint (M),Incre√≠ble pr√°cticamente sin ning√∫n ruido
"KSCOPE786, kscope786",Tesseract,War Of Being,"Kscope, Kscope","CD, Album",,2023,28271797,Uncategorized,2023-12-07 14:37:02,,,
0753275569184,Los Bunkers,Vida de Perros,M&E,"LP, Album, Ltd, Num",,2024,32264805,Perfecci√≥n,2024-11-27 07:57:05,Mint (M),Mint (M),33
0766871810284,Los Bunkers,Vida De Perros ,M&E,"LP, Album",5,2019,15718294,Perfecci√≥n,2024-02-29 14:49:04,Mint (M),Mint (M),"No lo puedo creer, perfecci√≥n "
9 47382-2,Muse,Showbiz,Maverick,"CD, Album",,1999,20100034,Uncategorized,2023-12-07 15:21:00,,,
3984-15461-1,If These Trees Could Talk,The Bones Of A Dying World,Metal Blade Records,"LP + LP, S/Sided, Etch + Album, Ltd, RE, Gol",5,2021,19812802,Mejores,2023-12-19 15:07:43,Mint (M),Mint (M),"Revisado: raspando a mejores, tiene su ruido a veces "
"3984-15357-1, MB 15357-1",If These Trees Could Talk,"Above The Earth, Below The Sky","Metal Blade Records, Metal Blade Records","LP, Album, Ltd, Num, RE, Blu",5,2021,19429336,Mejores,2023-12-19 15:06:29,Mint (M),Mint (M),"Revisado: lado a perfecto, lado B algo de ruido, probablemente era la aguja que estaba sucia <br>Revisar de nuevo segunda oportunidad, revisado de nuevo y B solo al final con ruido, nada grave"
"3984-15358-1, MB 15358-1 ",If These Trees Could Talk,Red Forest,"Metal Blade Records, Metal Blade Records","LP, Album, RE, RM, Vio",5,2021,20090404,Perfecci√≥n,2023-12-28 16:44:48,Mint (M),Mint (M),Revisado: sonido perfecto y sin ruido
none,Muse,Muscle Museum EP,Motor Music GMBH,"CD, EP, Ltd, Promo",,1999,7112804,Uncategorized,2023-12-07 15:21:57,,,
MUSH104CDS,Muse,Dead Star ‚Ä¢ In Your World,Mushroom,"CD, Single, Enh, CD1",,2002,961875,Uncategorized,2023-12-07 15:25:08,,,
MUSH50CDS,Muse,Uno,Mushroom,"CD, Single, Min",,1999,1919948,Uncategorized,2023-12-07 15:22:08,,,
MUSH66CDS,Muse,Muscle Museum,Mushroom,"CD, Single, CD1",,1999,969299,Uncategorized,2023-12-07 15:26:44,,,
MUSH66CDSX,Muse,Muscle Museum,Mushroom,"Minimax, Single, CD2",,1999,939601,Uncategorized,2023-12-07 15:26:56,,,
MUSH68CDS,Muse,Sunburn,Mushroom,"Minimax, Single, CD1",,2000,969295,Uncategorized,2023-12-07 15:22:25,,,
MUSH92CDS,Muse,New Born,Mushroom,"CD, Single, Enh, CD1",,2001,969276,Uncategorized,2023-12-07 15:26:03,,,
MUSH92CDSX,Muse,New Born,Mushroom,"CD, Single, CD2",,2001,969280,Uncategorized,2023-12-07 15:25:47,,,
MUSH96CDS,Muse,Bliss,Mushroom,"CD, Single, Enh, CD1",,2001,975103,Uncategorized,2023-12-07 15:26:23,,,
MUSH96DVD,Muse,Bliss,Mushroom,"DVD-V, Single, Multichannel, PAL",,2001,1898172,Uncategorized,2023-12-07 14:55:07,,,
MUSH89CDS,Muse,Plug In Baby,"Mushroom, Taste Media Limited","Minimax, Single, Enh, CD1",,2001,613083,Uncategorized,2023-12-07 15:25:20,,,
MUSH93CD,Muse,Origin Of Symmetry,"Mushroom, Taste Media Limited","CD, Album, Enh",,2001,381229,Uncategorized,2023-12-07 15:20:19,,,
MOVATM023,Hans Zimmer,Interstellar (Original Motion Picture Soundtrack),"Music On Vinyl, Sony Classical, WaterTower Music","2xLP, Album, Dlx, Ltd, Num, RE, Pur",,2023,29069563,Mejores,2024-04-25 17:07:47,Mint (M),Mint (M),"N 2562

Limpio y pocos clicks"
NV50191,Muse,Absolution Box,Na√Øve,"4xCD, Maxi, Enh + 4xDVD-V, Single, PAL + Box, Ltd ",,2005,1972557,No clasificables,2023-12-07 15:16:32,,,
NPR 778 VINYL,God Is An Astronaut,Epitaph,Napalm Records,"LP, Album",,2018,11907452,Perfecci√≥n,2024-04-15 09:13:03,Mint (M),Mint (M),
NPR 838 Vinyl,Oh Hiroshima,Resistance Is Futile,Napalm Records,"LP, Album, Ltd, RE",,2018,12903663,Uncategorized,2024-06-04 12:26:08,,,
NPR1265VINYL-DELUXE,God Is An Astronaut,Embers,Napalm Records,"2xLP, Album, Dlx, Ltd, Oxb",,2024,31720634,Perfecci√≥n,2024-09-27 11:58:38,Mint (M),Mint (M),
0694931852,Nine Inch Nails,And All That Could Have Been (Live),Nothing Records,"CD, Album, M/Print",,2002,14084339,Uncategorized,2023-12-07 15:31:14,,,
KCLPX2019,King Crimson,In The Court Of The Crimson King (An Observation By King Crimson),"Panegyric, Discipline Global Mobile, Inner Knot, Wowow Entertainment, Inc.","LP, RE, RM + LP + Album, 50t",,2019,14338110,Perfecci√≥n,2024-04-01 14:44:19,Mint (M),Mint (M),
0190295016487,Marillion,Fugazi,Parlophone,"LP, RE, RM, 202",,2022,22213927,Mejores,2024-05-21 20:24:56,Mint (M),Mint (M),
0190295301989,Marillion,Script For A Jester's Tear (2020 Remix),Parlophone,"LP, Album, RE, RM",5,2021,19678891,Perfecci√≥n,2024-02-08 16:34:36,Mint (M),Mint (M),Simplemente parlophone wtf la calidad
2564624869,Iron Maiden,Powerslave,Parlophone,"LP, Album, RE",5,2014,6228397,Perfecci√≥n,2024-02-26 14:51:56,Mint (M),Mint (M),Incredible 
2564624882,Iron Maiden,Piece Of Mind,Parlophone,"LP, Album, RE, RM, 180",,2014,6226812,Perfecci√≥n,2024-05-18 13:39:51,Mint (M),Mint (M),
2564625240,Iron Maiden,The Number Of The Beast,Parlophone,"LP, Album, RE, 180",,2014,6191421,Perfecci√≥n,2024-06-12 15:45:54,Mint (M),Mint (M),
7243 4 91436,Pink Floyd,Pulse,Parlophone,"2xCD, RE",,2016,7864322,Uncategorized,2023-12-07 15:32:44,,,
"7243 5 40504 1 1, 540 5041",Coldplay,A Rush Of Blood To The Head,"Parlophone, Parlophone","LP, Album, RE, 180",,2013,7266689,Perfecci√≥n,2024-10-04 16:43:38,Mint (M),Mint (M),
"RHEADCD 2, 50999 6 93614 2 5",Radiohead,The Bends,"Parlophone, Parlophone","CD, Album, RE + CD, Comp + Col",,2009,1706029,Uncategorized,2023-12-07 15:33:36,,,
"0825646293285, PFRLP14",Pink Floyd,The Division Bell,"Parlophone, Pink Floyd Records","2xLP, Album, RE, RM, Gat",5,2016,8441806,Perfecci√≥n,2023-12-16 08:33:04,Mint (M),Mint (M),"Calidad incre√≠ble, nada que decir "
VILELP1015,Anathema,Eternity,Peaceville,"LP, RE",,2022,24830747,Perfecci√≥n,2024-05-18 11:00:27,Mint (M),Mint (M),
VILELP1091,Anathema,Alternative 4,Peaceville,"LP, Album, Ltd, RP, Mar",5,2023,28648933,Perfecci√≥n,2024-02-18 10:47:19,Mint (M),Mint (M),
VILELP331,Anathema,Judgement,Peaceville,"2xLP, Album, Ltd, Num, RE, Whi",,2011,2755942,Perfecci√≥n,2024-06-06 19:46:51,Mint (M),Mint (M),N 169
PEL 003,God Is An Astronaut,"All Is Violent, All Is Bright",Pelagic Records,"LP, Album, Ltd, RE, Whi",5,2009,2131742,Mejores,2024-01-12 05:10:53,Near Mint (NM or M-),Near Mint (NM or M-),"Revisado: casi perfecto, fragile y forever lost tiene algunos clicks al comienzo, pasa raspando en categor√≠a de mejores, n106"
PEL 063-V,pg.lost,"It's Not Me, It's You!",Pelagic Records,"2xLP, Ltd, RE, Maq",5,2022,23393687,Mejores,2024-01-19 21:00:55,Mint (M),Mint (M),"Incre√≠ble, casi perfecto "
PEL 064-V,Pg.lost,In Never Out,Pelagic Records,"2xLP, Album, RE, RP",5,2016,8540154,Mejores,2024-01-16 14:20:46,Mint (M),Mint (M),"Suena muy bien, cuesta limpiarlo eso si y tiene algo de est√°tica pero imperceptible "
PEL 066-V,Pg.lost,Versus,Pelagic Records,"2xLP, Album, Ltd, RE, Ika",5,2022,23394209,Mejores,2024-01-19 21:01:40,Mint (M),Mint (M),"Suena excelente, con muy poco ruido por lo que entra a mejores "
PEL 206,Bruit ‚â§,The Machine Is Burning And Now Everyone Knows It Could Happen Again,Pelagic Records,"CD, Album",5,2022,23417717,Uncategorized,2024-02-24 20:20:52,Mint (M),Mint (M),
PEL 206-V,Bruit ‚â§,The Machine Is Burning And Now Everyone Knows It Could Happen Again,Pelagic Records,"LP, Album, Ltd, Gre",5,2023,26097820,Perfecci√≥n,2024-02-23 08:34:16,Mint (M),Mint (M),Bell√≠simo en todo sentido 
PEL 250-V,Mono (7),Oath,Pelagic Records,"2xLP, Album, Ltd, Blu",5,2024,30958492,Perfecci√≥n,2024-07-06 11:23:21,Mint (M),Mint (M),
 PFRLP36,Pink Floyd,Delicate Sound Of Thunder,Pink Floyd Records,"3xLP, Album, RE, 180",5,2020,16239996,Perfecci√≥n,2023-12-07 15:35:45,Mint (M),Mint (M),"Revisado: perfecto, sin ruidos üëèüèª

Nueva revisi√≥n: solo una canci√≥n tuvo unos clicks, nada grave "
PFR50UVLP,Pink Floyd,The Dark Side Of The Moon,Pink Floyd Records,"2xLP, S/Sided, Album, Ltd, RE, RM, RP, Cle",,2024,30443351,Mejores,2024-04-30 13:49:55,Mint (M),Mint (M),
PFRLP17,Pink Floyd,Pulse,Pink Floyd Records,"4xLP, Album, RE, RM, 180 + Box",,2018,12016127,Mejores,2024-05-10 21:02:03,Mint (M),Mint (M),
PFRLP5,Pink Floyd,Atom Heart Mother,Pink Floyd Records,"LP, Album, RE, RM, 180",,2016,9093776,Normales,2024-02-07 12:28:12,Mint (M),Mint (M),"Lado A excelente, lado B con algo de ruido en algunas canciones"
"PFRLP11, 88875184281",Pink Floyd,The Wall,"Pink Floyd Records, Pink Floyd Records","2xLP, Album, RE, RM, 180",5,2016,8957729,Mejores,2024-02-07 16:33:32,Mint (M),Mint (M),"Casi sin ruido, solo en partes muy puntuales pero casi perfecto "
"PFRLP28, 0190295600532",Pink Floyd,Animals (2018 Remix),"Pink Floyd Records, Pink Floyd Records","LP, Album, RE, Gat",5,2022,24512732,Perfecci√≥n,2024-02-05 15:38:51,Mint (M),Mint (M),Simplemente perfecto 
"PFRLP8, 88875184251",Pink Floyd,The Dark Side Of The Moon,"Pink Floyd Records, Pink Floyd Records","LP, Album, RE, RM, 180",5,2016,11903967,Perfecci√≥n,2024-02-08 17:29:15,Mint (M),Mint (M),God 
"PFRLP6, 88875184231S1, 88875184231",Pink Floyd,Meddle,"Pink Floyd Records, Pink Floyd Records, Pink Floyd Records","LP, Album, RE, RM, Gat",5,2016,9092521,Perfecci√≥n,2024-02-07 16:35:55,Mint (M),Mint (M),"Incre√≠ble calidad, sin palabras "
"PFRLP9, 88875184261S3, 88875184261",Pink Floyd,Wish You Were Here,"Pink Floyd Records, Pink Floyd Records, Pink Floyd Records","LP, Album, RE, RM, RP, 180",5,2016,9187140,Perfecci√≥n,2024-02-07 14:11:15,Mint (M),Mint (M),"Incre√≠ble, simplemente incre√≠ble "
"545468, 9362-49335-9",My Chemical Romance,The Black Parade ,"Reprise Records, Reprise Records","LP + LP, S/Sided, Etch + Album, RE",,2015,6628223,Mejores,2024-03-18 18:34:51,Mint (M),Mint (M),
RVECD016,God Is An Astronaut,"All Is Violent, All Is Bright",Revive Records,"CD, Album, RM, Dig",,2011,4080758,Uncategorized,2023-12-07 14:36:18,,,
RVELP012,God Is An Astronaut,Age Of The Fifth Sun,Revive Records,"LP, Album, Ltd, RE, Opa",,2018,12625237,Normales,2024-01-22 14:18:02,Mint (M),Mint (M),"Raspando para quedar en mejores, ruido en algunas partes, no tan limpio "
RVELP013,God Is An Astronaut,The End Of The Beginning,Revive Records,"LP, Album, RE, RM, Ora",5,2014,6265167,Perfecci√≥n,2024-02-23 08:43:36,Mint (M),Mint (M),Incre√≠ble 
R1 1877,Deep Purple,Deep Purple In Rock,Rhino Records (2),"LP, Album, RE, 180",5,2016,8345545,Perfecci√≥n,2024-03-04 14:51:14,Mint (M),Mint (M),Brutal 
0016861741013,Slipknot,We Are Not Your Kind,Roadrunner Records,"2xLP, Album",,2019,13964034,Uncategorized,2024-06-02 10:51:45,,,
RGIRL98,God Is An Astronaut,Origins,Rocket Girl,"LP, Album, Ltd, RP, Blu",5,2014,16708236,Perfecci√≥n,2024-02-21 17:43:42,Mint (M),Mint (M),wtf la calidad de este disco 
BMGRM029LP,Mot√∂rhead,Ace Of Spades,"Sanctuary, Bronze, BMG","LP, Album, RE",5,2022,26148497,Mejores,2024-05-10 16:17:30,Mint (M),Mint (M),
SH 271,Russian Circles,Gnosis,Sargent House,"LP, Album",,2022,24237887,Mejores,2024-01-03 09:26:32,Mint (M),Mint (M),"Muy poco ruido pero el problema mala masterizacion, suena opaco "
SH007LPIE,Russian Circles,Station,"Sargent House, Suicide Squeeze","LP, Album, RE, RP, Cle",,2023,27408444,Normales,2024-06-17 16:47:08,Mint (M),Mint (M),
SILLP1525,Abel Korzeniowski,Nocturnal Animals (Original Motion Picture Soundtrack),Silva Screen,"LP, Ltd, Red",,2016,9600072,Mejores,2024-02-21 10:23:38,Mint (M),,"tiene poco ruido para la cantidad de silencios que tiene, si en el lado B al comienzo est√° en la B pero nada que impida disfrutarlo "
88883790881,Los Jaivas,Alturas De Macchu Picchu,"Sony Music, Columbia","LP, RE, Gat",,2014,5358377,Mejores,2024-05-18 13:40:17,Mint (M),Mint (M),
SP1435,Low,Hey What,Sub Pop,"LP, Album",5,2021,20354308,Mejores,2024-02-09 08:48:57,Mint (M),Mint (M),Inesperadamente bueno
"SBM028, 19658816461",65daysofstatic,Wild Light,"Superball Music, Superball Music","LP, Album, Ltd, Mag",,2023,28157446,Mejores,2024-05-31 17:11:12,Mint (M),Mint (M),
"SBMCD 009, 88985311191",Long Distance Calling,Avoid The Light,"Superball Music, Superball Music","2xLP, Album, RM + CD, Album + RE",,2016,8737928,Perfecci√≥n,2024-05-31 17:11:34,Mint (M),Mint (M),
5050466-8887-2-3,Muse,Hullabaloo Soundtrack,"Taste Media Limited, EastWest","CD, Comp + CD + Album, RE",,2003,498829,Uncategorized,2023-12-07 15:20:35,,,
"EW285CD, 5050467 2162 2 8",Muse,Sing For Absolution,"Taste Media Limited, EastWest","CD, Single",,2004,7949215,Uncategorized,2023-12-07 15:22:43,,,
"5050467-2173-7-9, EW285",Muse,Sing For Absolution,"Taste Media Limited, EastWest, EastWest","7"", Ltd, Cle",,2004,560000,No clasificables,2023-12-07 14:34:16,Mint (M),Mint (M),"M√°s que nada coleccionable, da igual lo fatal "
"5050467243927, EW285DVD",Muse,Sing For Absolution,"Taste Media, EastWest","DVD, Single",,2004,1885014,Uncategorized,2023-12-07 14:35:25,,,
none,Muse,Origin Of Symmetry Exclusive Advanced Promo,"Taste Media, Motor Music, Universal","CD, Advance, Promo, Smplr",,2001,1497917,Uncategorized,2023-12-07 15:24:34,,,
TRR 108,Mono (7) & World's End Girlfriend,Palmless Prayer / Mass Murder Refrain,Temporary Residence Limited,"2xLP, Album",5,2006,2874292,Mejores,2024-01-22 14:17:42,Near Mint (NM or M-),Mint (M),"Revisado: casi perfecto, solo track 4 tiene algo de clicks, parece solucionable "
TRR242,Mono (7),The Last Dawn,Temporary Residence Limited,"LP, Album",,2014,6319835,Normales,2024-01-09 16:12:42,Mint (M),Mint (M),Tiene algo de ruido en algunas canciones pero nada que afecte la experiencia 
"TRR348LP, TRR348LP-C1",MONO (7),Hymn To The Immortal Wind,"Temporary Residence Limited, Temporary Residence Limited, Human Highway","2xLP, Album, Ltd, RM, Bro",5,2019,13800183,Normales,2024-05-24 09:58:07,Mint (M),Mint (M),Obra de arte 
THRILL 050,Tortoise,TNT,Thrill Jockey,"2xLP, Album, RE",,2012,3944117,Mejores,2024-05-11 20:25:41,Mint (M),Mint (M),Signed by all members
TRANSM242LP,Porcupine Tree,Deadwing,Transmission Recordings,"2xLP, Album, RE, RM, 130",,2021,21008281,Mejores,2024-03-28 15:46:06,Mint (M),Mint (M),Solo una canci√≥n xon ruido 
"TRANSM 252LP, TRANSMISSION 25.2",Porcupine Tree,Fear Of A Blank Planet,"Transmission Recordings, Transmission Recordings","2xLP, Album, RE, 140",5,2021,20119888,Perfecci√≥n,2024-03-01 13:52:18,Mint (M),Mint (M),"Impresionante, perfecto "
"TRANSM232LP, TRANSMISSION 23.2",Porcupine Tree,In Absentia,"Transmission Recordings, Transmission Recordings","2xLP, Album, RE, RM",,2021,20882608,Perfecci√≥n,2024-03-28 15:44:47,Mint (M),Mint (M),Incre√≠ble calidad 
"Transmission 22.2, TRANSM222LP",Porcupine Tree,Lightbulb Sun,"Transmission Recordings, Transmission Recordings","2xLP, Album, RE",5,2021,18930370,Mejores,2023-12-30 15:18:22,Mint (M),Mint (M),"Por poco perfecto, en dos canciones se percibe muy poco ruido pero iguals "
602445591930,Los Bunkers,Barrio Estaci√≥n,Universal Music Group,"2xLP, Album",,2022,25336954,Mejores,2024-06-15 10:16:43,Mint (M),Mint (M),
7243 5 80918 2 3,A Perfect Circle,Thirteenth Step,Virgin,"CD, Album",,2003,367875,Uncategorized,2023-12-07 15:34:10,,,
7243 8 49253 1 4,A Perfect Circle,Mer De Noms,Virgin,"2xLP, RE",,2023,28169611,Uncategorized,2024-06-09 18:12:16,,,
00602547202819,Queen,Innuendo,Virgin EMI Records,"2xLP, Album, RE, RM, 180",,2015,7518572,Uncategorized,2024-10-02 12:12:58,,,
"00602547202697, 4720269",Queen,A Night At The Opera,"Virgin EMI Records, Virgin EMI Records","LP, Album, RE, RM, Emb",,2015,7541569,Perfecci√≥n,2024-10-05 08:21:16,Mint (M),Mint (M),Incredible 
61422-31160-2 CD,Tool (2),Lateralus,"Volcano (2), Tool Dissectional","HDCD, Album, RP",,2001,12693361,Uncategorized,2023-12-07 15:29:41,,,
82876-81991-2,Tool (2),"10,000 Days","Volcano (2), Tool Dissectional, Zomba Label Group","CD, Album, Spe",,2006,14409936,Uncategorized,2023-12-07 15:34:42,,,
"31703‚Ä¢1/2, 4607147912133",Muse,B-Sides & Rarities,"Warner Bros. Records (2), Warner Bros. Records (2)","2xCD, Comp, Unofficial, Dig",,2012,4215119,Uncategorized,2023-12-07 14:44:58,,,
0190295578831,Muse,Simulation Theory,"Warner Bros. Records, Helium 3","LP, Album",5,2018,12764999,Perfecci√≥n,2024-03-01 13:56:04,Mint (M),Mint (M),Brutal calidad y los synths salvan este √°lbum 
0190295578848,Muse,Simulation Theory,"Warner Bros. Records, Helium 3","CD, Album, Dlx",,2018,12767123,Uncategorized,2023-12-07 14:40:06,,,
0825646121229,Muse,Drones,"Warner Bros. Records, Helium 3","2xLP, Album",5,2015,7088529,Normales,2023-12-07 14:31:16,Mint (M),Mint (M),Algo de ruido
0825646121236,Muse,Drones,"Warner Bros. Records, Helium 3","CD, Album + DVD-V, NTSC",,2015,13116344,Uncategorized,2023-12-07 14:41:05,,,
"25646 3509-2, HEL3002CDX",Muse,Black Holes & Revelations,"Warner Bros. Records, Helium 3","CD, Album, Dig",,2006,17031315,Uncategorized,2023-12-07 15:32:20,,,
"5101-18248-7, HEL3004",Muse,Knights Of Cydonia,"Warner Bros. Records, Helium 3","7"", Single, Pic",,2006,847190,No clasificables,2023-12-07 14:34:43,Mint (M),Mint (M),Es m√°s de colecci√≥n por lo que da igual que sea fatal 
5101-18364-2,Muse,Knights Of Cydonia,"Warner Bros. Records, Helium 3","CD, Single",,2006,9629750,Uncategorized,2023-12-07 14:39:16,,,
549663-2,Muse,Dead Inside / Psycho,"Warner Bros. Records, Helium 3","CD, Single",,2015,7003676,Uncategorized,2023-12-07 15:24:54,,,
825646568802,Muse,The 2nd Law,"Warner Bros. Records, Helium 3","CD, Album, Dig",,2012,3908448,Uncategorized,2023-12-07 15:31:39,,,
825646874347,Muse,The Resistance,"Warner Bros. Records, Helium 3","CD, Album",,2009,12350845,Uncategorized,2023-12-07 15:31:54,,,
PR016112,Muse,Knights Of Cydonia,"Warner Bros. Records, Helium 3","CD, Single, Promo",,2006,847192,Uncategorized,2023-12-07 15:23:12,,,
50-51011-1897-2-2,Muse,Absolution Tour,"Warner Bros. Records, Warner Music Vision","DVD-V, Comp, Copy Prot., PAL",,2005,1988363,Uncategorized,2023-12-07 14:55:37,,,
093624439110,Red Hot Chili Peppers,Stadium Arcadium,Warner Records,"Box, RE + 4xLP, Album, RP",,2020,16084571,Perfecci√≥n,2024-04-08 18:45:01,Mint (M),Mint (M),
093624738619,Red Hot Chili Peppers,Californication,Warner Records,"2xLP, Album, RE",,2021,22983965,Perfecci√≥n,2024-03-07 19:56:43,Mint (M),Mint (M),Impecable 
093624814016,Red Hot Chili Peppers,By The Way,Warner Records,"2xLP, Album, RP",,2020,15276024,Uncategorized,2024-06-12 15:46:57,,,
RPD5 25100,Dio (2),The Last In Line,Warner Records,"LP, Album, RSD, Ltd, Pic, RE, Zoe",,2024,30448943,Perfecci√≥n,2024-10-02 12:12:39,Mint (M),Mint (M),Incre√≠ble calidad 
0190295024314,Muse,Origin Of Symmetry: XX Anniversary RemiXX,"Warner Records, Helium 3","2xLP, Album, RE, RM",5,2021,19185169,Perfecci√≥n,2024-02-20 13:54:01,Mint (M),Mint (M),Suena de lujo 
0825646350919,Muse,Black Holes And Revelations,"Warner Records, Helium 3","LP, Album, RE",5,2020,15996141,Perfecci√≥n,2024-03-01 13:57:34,Mint (M),Mint (M),"Un puro click, todo lo dem√°s incre√≠ble "
0825646865475,Muse,The Resistance,"Warner Records, Helium 3","2xLP, Album, RE",5,2019,14561221,Perfecci√≥n,2024-03-01 13:57:01,Mint (M),Mint (M),"Bell√≠simo, sublime, la cag√≥"
0825646909445,Muse,Absolution,"Warner Records, Helium 3","2xLP, Album, RE, RP, Gat",5,2020,17750938,Mejores,2023-12-07 14:26:55,Mint (M),Mint (M),"Medio opaco el sonido pero est√° muy limpio con muy poco ruido, posible cambio con lp del 2015 "
0825646909452,Muse,Origin Of Symmetry,"Warner Records, Helium 3","2xLP, Album, RE, RP, Gat",,2020,16278431,Perfecci√≥n,2024-10-02 12:14:36,Mint (M),Mint (M),Excelente
0825646912223,Muse,Showbiz,"Warner Records, Helium 3","2xLP, Album, RE",,2020,16090286,Normales,2023-12-07 14:32:45,Mint (M),Mint (M),"Lado C es incre√≠ble, perfecto, el resto tiene algo de ruido "
5054197674396,Muse,Absolution (XX Anniversary),"Warner Records, Helium 3","2xLP, Album, Sil + 12"", Cle + CD, Album + CD + Box",5,2023,28935175,Perfecci√≥n,2023-12-23 05:40:06,Mint (M),Mint (M),"Incre√≠ble calidad, solo el B side es mas o menos pero en general pascual "
825646568772,Muse,The 2nd Law,"Warner Records, Helium 3","2xLP, Album, RP",5,2020,23355518,Perfecci√≥n,2024-03-01 12:15:43,Mint (M),Mint (M),Impresionante 
093624853343,Linkin Park,Meteora,"Warner Records, Machine Shop Recordings","LP, Album, RE",5,2023,28403278,Perfecci√≥n,2024-02-26 14:58:37,Mint (M),Mint (M),De lo mejor en la colecci√≥n 
"RCV1 599830, 603497850433",Deep Purple,Burn,"Warner Records, Rhino Records (2)","LP, Album, Ltd, RE, Pur",,2019,14265856,Perfecci√≥n,2024-06-12 15:45:17,Mint (M),Mint (M),
"081227976545, R2 3100",Deep Purple,Machine Head,"Warner Records, Warner Records","CD, Album, M/Print, RE",,2019,14524513,Uncategorized,2023-12-07 15:32:59,,,
19439796471,Hans Zimmer,Interstellar (Original Motion Picture Soundtrack),"WaterTower Music, Sony Classical","3xLP + LP, S/Sided, Etch + Album, RE, Exp",,2020,16202404,Mejores,2023-12-13 08:57:22,Mint (M),Mint (M),"De los 4 discos, el 1 con harto ruido igual, El dos mejora bastante, categor√≠a mejores al igual que el 3 y 4, se arregla y pasa a mejores "
XLLP780,Radiohead,The Bends ,XL Recordings,"LP, Album, RE",5,2020,17511934,Perfecci√≥n,2024-03-01 13:54:43,Mint (M),Mint (M),De lo mejor que tengo por lejos 
XLLP790,Radiohead,A Moon Shaped Pool,XL Recordings,"2xLP, Album, Rai",5,2016,8684705,Mejores,2024-02-29 16:19:08,Mint (M),Mint (M),Muy poco ruido
XLLP868,Radiohead,OK Computer OKNOTOK 1997 2017,XL Recordings,"2xLP, Album, RE, RM, 180 + LP, Comp",5,2022,25959826,Mejores,2023-12-19 19:23:58,Mint (M),Mint (M),"Solo el lado D ten√≠a algo de ruido pero no afecta la experiencia, el primer y tercer lp excelentes "
0614223116013,Tool (2),Lateralus,Zomba,"2xLP, Album, Ltd, Pic, RE",,2011,10315855,No clasificables,2024-02-02 09:36:19,Mint (M),Mint (M),"Revisado: bonito pero sonido √±ee, mala calidad, de esperarse de un disco pintado"
SDPCD166,Porcupine Tree,On The Sunday Of Life...,"–°–æ—é–∑, Snapper Music","CD, Album, RE, RM",,2005,2426051,Uncategorized,2023-12-07 15:30:10,,,
